id,name,brand,manufacturer,category,subcategory,commercial_unit,description,gtin,ncm_suggested,ncm_confirmed,cest,source_url,notes
prod_0a9aa9ee5a44,PremieR Raças Específicas Pug Filhotes Porte Pequeno Frango,PremieR,PremieR Pet,Pet > Ração Cães > Raças Específicas,,KG,,,23091000,NAO,,https://premierpet.com.br/linha/premier-racas-especificas-caes/,"Linha disponivel em multiplos tamanhos de embalagem (1kg/2,5kg/7,5kg conforme SKU) - peso especifico nao confirmado por produto."
prod_03dc538533d6,PremieR Raças Específicas Pug Adultos Porte Pequeno Frango,PremieR,PremieR Pet,Pet > Ração Cães > Raças Específicas,,KG,,,23091000,NAO,,https://premierpet.com.br/linha/premier-racas-especificas-caes/,"Linha disponivel em multiplos tamanhos de embalagem (1kg/2,5kg/7,5kg conforme SKU) - peso especifico nao confirmado por produto."
prod_984674379e17,PremieR Raças Específicas Spitz Alemão Adulto Porte Pequeno Frango,PremieR,PremieR Pet,Pet > Ração Cães > Raças Específicas,,KG,,,23091000,NAO,,https://premierpet.com.br/linha/premier-racas-especificas-caes/,"Linha disponivel em multiplos tamanhos de embalagem (1kg/2,5kg/7,5kg conforme SKU) - peso especifico nao confirmado por produto."
prod_4a7b1e5d6cb4,PremieR Raças Específicas Spitz Alemão Filhotes Porte Pequeno Frango,PremieR,PremieR Pet,Pet > Ração Cães > Raças Específicas,,KG,,,23091000,NAO,,https://premierpet.com.br/linha/premier-racas-especificas-caes/,"Linha disponivel em multiplos tamanhos de embalagem (1kg/2,5kg/7,5kg conforme SKU) - peso especifico nao confirmado por produto."
prod_10b70279500c,PremieR Raças Específicas Bulldog Inglês Adultos Porte Médio Frango,PremieR,PremieR Pet,Pet > Ração Cães > Raças Específicas,,KG,,,23091000,NAO,,https://premierpet.com.br/linha/premier-racas-especificas-caes/,"Linha disponivel em multiplos tamanhos de embalagem (1kg/2,5kg/7,5kg conforme SKU) - peso especifico nao confirmado por produto."
prod_463e1287d67d,PremieR Raças Específicas Bulldog Francês Adultos Porte Pequeno Frango,PremieR,PremieR Pet,Pet > Ração Cães > Raças Específicas,,KG,,,23091000,NAO,,https://premierpet.com.br/produto/premier-racas-especificas-bulldog-frances-adultos-sabor-frango/,"Linha disponivel em multiplos tamanhos de embalagem (1kg/2,5kg/7,5kg conforme SKU) - peso especifico nao confirmado por produto."
prod_e8f4fbd96561,PremieR Raças Específicas Filhotes Frango Bulldog Francês,PremieR,PremieR Pet,Pet > Ração Cães > Raças Específicas,,KG,,,23091000,NAO,,https://premierpet.com.br/linha/premier-racas-especificas-caes/,"Linha disponivel em multiplos tamanhos de embalagem (1kg/2,5kg/7,5kg conforme SKU) - peso especifico nao confirmado por produto."
prod_d4341f050ec4,PremieR Raças Específicas Golden Retriever Adultos Porte Grande Frango,PremieR,PremieR Pet,Pet > Ração Cães > Raças Específicas,,KG,,,23091000,NAO,,https://premierpet.com.br/linha/premier-racas-especificas-caes/,"Linha disponivel em multiplos tamanhos de embalagem (1kg/2,5kg/7,5kg conforme SKU) - peso especifico nao confirmado por produto."
prod_149d20bfa0ef,PremieR Raças Específicas Cães Adultos Frango Labrador,PremieR,PremieR Pet,Pet > Ração Cães > Raças Específicas,,KG,,,23091000,NAO,,https://premierpet.com.br/linha/premier-racas-especificas-caes/,"Linha disponivel em multiplos tamanhos de embalagem (1kg/2,5kg/7,5kg conforme SKU) - peso especifico nao confirmado por produto."
prod_cc49ff593924,PremieR Raças Específicas Labrador Filhotes Porte Grande Frango,PremieR,PremieR Pet,Pet > Ração Cães > Raças Específicas,,KG,,,23091000,NAO,,https://premierpet.com.br/linha/premier-racas-especificas-caes/,"Linha disponivel em multiplos tamanhos de embalagem (1kg/2,5kg/7,5kg conforme SKU) - peso especifico nao confirmado por produto."
prod_a87359096e19,PremieR Raças Específicas Lhasa Apso Adultos Porte Pequeno Frango,PremieR,PremieR Pet,Pet > Ração Cães > Raças Específicas,,KG,,,23091000,NAO,,https://premierpet.com.br/linha/premier-racas-especificas-caes/,"Linha disponivel em multiplos tamanhos de embalagem (1kg/2,5kg/7,5kg conforme SKU) - peso especifico nao confirmado por produto."
prod_7a4ae4290314,PremieR Raças Específicas Lhasa Apso Filhotes Porte Pequeno Frango,PremieR,PremieR Pet,Pet > Ração Cães > Raças Específicas,,KG,,,23091000,NAO,,https://premierpet.com.br/linha/premier-racas-especificas-caes/,"Linha disponivel em multiplos tamanhos de embalagem (1kg/2,5kg/7,5kg conforme SKU) - peso especifico nao confirmado por produto."
prod_bb22068f6b2c,PremieR Raças Específicas Maltês Adultos Porte Pequeno Peru e Arroz,PremieR,PremieR Pet,Pet > Ração Cães > Raças Específicas,,KG,,,23091000,NAO,,https://premierpet.com.br/linha/premier-racas-especificas-caes/,"Linha disponivel em multiplos tamanhos de embalagem (1kg/2,5kg/7,5kg conforme SKU) - peso especifico nao confirmado por produto."
prod_0fc496bcdfed,PremieR Raças Específicas Maltês Filhotes Porte Pequeno Peru & Arroz,PremieR,PremieR Pet,Pet > Ração Cães > Raças Específicas,,KG,,,23091000,NAO,,https://premierpet.com.br/linha/premier-racas-especificas-caes/,"Linha disponivel em multiplos tamanhos de embalagem (1kg/2,5kg/7,5kg conforme SKU) - peso especifico nao confirmado por produto."
prod_e377b449a2e3,PremieR Raças Específicas Adultos Frango Pit Bull,PremieR,PremieR Pet,Pet > Ração Cães > Raças Específicas,,KG,,,23091000,NAO,,https://premierpet.com.br/linha/premier-racas-especificas-caes/,"Linha disponivel em multiplos tamanhos de embalagem (1kg/2,5kg/7,5kg conforme SKU) - peso especifico nao confirmado por produto."
prod_853d1c6dd435,PremieR Raças Específicas Shih Tzu Adultos Porte Pequeno Frango,PremieR,PremieR Pet,Pet > Ração Cães > Raças Específicas,,KG,,,23091000,NAO,,https://premierpet.com.br/linha/premier-racas-especificas-caes/,"Linha disponivel em multiplos tamanhos de embalagem (1kg/2,5kg/7,5kg conforme SKU) - peso especifico nao confirmado por produto."
prod_3ea1815757e0,PremieR Raças Específicas Shih Tzu Adultos Porte Pequeno Salmão,PremieR,PremieR Pet,Pet > Ração Cães > Raças Específicas,,KG,,,23091000,NAO,,https://premierpet.com.br/linha/premier-racas-especificas-caes/,"Linha disponivel em multiplos tamanhos de embalagem (1kg/2,5kg/7,5kg conforme SKU) - peso especifico nao confirmado por produto."
prod_e10d66a700dd,PremieR Raças Específicas Shih Tzu Filhotes Porte Pequeno Frango,PremieR,PremieR Pet,Pet > Ração Cães > Raças Específicas,,KG,,,23091000,NAO,,https://premierpet.com.br/linha/premier-racas-especificas-caes/,"Linha disponivel em multiplos tamanhos de embalagem (1kg/2,5kg/7,5kg conforme SKU) - peso especifico nao confirmado por produto."
prod_5eca665dca55,PremieR Raças Específicas Yorkshire Adultos Porte Pequeno Frango,PremieR,PremieR Pet,Pet > Ração Cães > Raças Específicas,,KG,,,23091000,NAO,,https://premierpet.com.br/linha/premier-racas-especificas-caes/,"Linha disponivel em multiplos tamanhos de embalagem (1kg/2,5kg/7,5kg conforme SKU) - peso especifico nao confirmado por produto."
prod_44e70e420e66,PremieR Raças Específicas Yorkshire Filhotes Porte Pequeno Frango,PremieR,PremieR Pet,Pet > Ração Cães > Raças Específicas,,KG,,,23091000,NAO,,https://premierpet.com.br/linha/premier-racas-especificas-caes/,"Linha disponivel em multiplos tamanhos de embalagem (1kg/2,5kg/7,5kg conforme SKU) - peso especifico nao confirmado por produto."
prod_4feb6a01b7a7,PremieR Raças Específicas Golden Retriever Filhotes Porte Grande Sabor Frango,PremieR,PremieR Pet,Pet > Ração Cães > Raças Específicas,,KG,,,23091000,NAO,,https://premierpet.com.br/linha/premier-racas-especificas-caes/,"Linha disponivel em multiplos tamanhos de embalagem (1kg/2,5kg/7,5kg conforme SKU) - peso especifico nao confirmado por produto."
prod_4fb9256675e6,Espaçador Cruzeta Plástico Tramontina 1 mm (Saco com 100 un.),Tramontina,Tramontina,Ferragens > Ferramentas Manuais,Fixação,UN,,,,NAO,,https://www.tramontina.com.br/departamentos/ferramentas/ferramentas-manuais/,
prod_0b41948e233b,"Carrinho de Mão Extraforte Tramontina com Caçamba Reforçada Metálica Cinza 65 L, Braço Metálico e Pneu Maciço",Tramontina,Tramontina,Ferragens > Ferramentas Manuais,Carrinhos de Mão,UN,,,87168000,NAO,,https://www.tramontina.com.br/departamentos/ferramentas/ferramentas-manuais/,
prod_3c12fa556a5a,"Organizador Plástico 16"" Tramontina MASTER",Tramontina,Tramontina,Ferragens > Ferramentas Manuais,"Caixas, Bolsas e Organizadores",UN,,,,NAO,,https://www.tramontina.com.br/departamentos/ferramentas/ferramentas-manuais/,
prod_e41872cdb20d,"Maleta Plástica Organizadora 17"" Tramontina MASTER com Divisórias Móveis",Tramontina,Tramontina,Ferragens > Ferramentas Manuais,"Caixas, Bolsas e Organizadores",UN,,,,NAO,,https://www.tramontina.com.br/departamentos/ferramentas/ferramentas-manuais/,
prod_502b04c0c9a8,"Broca para Aço 9/16"" Tramontina MASTER em Aço Rápido HSS com Corpo Polido e Envernizado",Tramontina,Tramontina,Ferragens > Ferramentas Manuais,Brocas,UN,,,82075000,NAO,,https://www.tramontina.com.br/departamentos/ferramentas/ferramentas-manuais/,
prod_237f2890aefc,"Serrote para Poda Tramontina MASTER Supercut 14"" com 6 Dentes por Polegada em Aço Carbono e Cabo Injetado",Tramontina,Tramontina,Ferragens > Ferramentas Manuais,Serrotes e Arcos de Serra,UN,,,82021000,NAO,,https://www.tramontina.com.br/departamentos/ferramentas/ferramentas-manuais/,
prod_3061890069fd,"Conjunto de Lâminas para Arco de Serra Tramontina MASTER 12"" com 24 Dentes por Polegada em Aço 2 Peças",Tramontina,Tramontina,Ferragens > Ferramentas Manuais,Serrotes e Arcos de Serra,UN,,,,NAO,,https://www.tramontina.com.br/departamentos/ferramentas/ferramentas-manuais/,
prod_679dcaed846d,Jogo de Chaves Combinadas Tramontina Basic com Corpo em Aço Especial Cromado 5 Peças,Tramontina,Tramontina,Ferragens > Ferramentas Manuais,Chaves de Aperto,UN,,,82055000,NAO,,https://www.tramontina.com.br/departamentos/ferramentas/ferramentas-manuais/,
prod_90672720ed33,Jogo de Chaves Combinadas Tramontina Basic com Corpo em Aço Especial Cromado 17 Peças,Tramontina,Tramontina,Ferragens > Ferramentas Manuais,Chaves de Aperto,UN,,,82055000,NAO,,https://www.tramontina.com.br/departamentos/ferramentas/ferramentas-manuais/,
prod_146bdde486be,Broca para Aço 1.5x40 mm Tramontina MASTER em Aço Rápido HSS DIN 338,Tramontina,Tramontina,Ferragens > Ferramentas Manuais,Brocas,UN,,,82075000,NAO,,https://www.tramontina.com.br/departamentos/ferramentas/ferramentas-manuais/,
prod_c2deec13ac31,"Disco de Corte Fino 7"" Tramontina MASTER para Aço Inox e Materiais Endurecidos",Tramontina,Tramontina,Ferragens > Ferramentas Manuais,Discos,UN,,,68042290,NAO,,https://www.tramontina.com.br/departamentos/ferramentas/ferramentas-manuais/,
prod_ec2b10357472,Cortador de Pisos e Azulejos 500 mm Tramontina MASTER com Disco de Corte em Carboneto Tungstênio e Peças em Aço e Alumínio,Tramontina,Tramontina,Ferragens > Ferramentas Manuais,Cortadores de Piso,UN,,,,NAO,,https://www.tramontina.com.br/departamentos/ferramentas/ferramentas-manuais/,
prod_9a69a56a4fd1,NGK Vela de Ignição Múltiplos Eletrodos,NGK,NGK (Niterra do Brasil Ltda.),Mecânica > Ignição > Velas,,UN,,,85111000,NAO,,https://automotivo.ngkntk.com.br/produtos/linha-ngk/velas-de-ignicao_/?country=br&lang=pt,"Familia de produto, nao SKU individual - codigo de peca NGK (ex: BPR6ES) exige consulta por veiculo no site oficial."
prod_1e6d26cc0227,NGK Vela de Ignição Convencional,NGK,NGK (Niterra do Brasil Ltda.),Mecânica > Ignição > Velas,,UN,,,85111000,NAO,,https://automotivo.ngkntk.com.br/produtos/linha-ngk/categoria-ignicao/velas-convencionais/?country=br&lang=pt,"Familia de produto, nao SKU individual - codigo de peca NGK (ex: BPR6ES) exige consulta por veiculo no site oficial."
prod_049c09a6bd93,NGK Vela de Ignição Green,NGK,NGK (Niterra do Brasil Ltda.),Mecânica > Ignição > Velas,,UN,,,85111000,NAO,,https://automotivo.ngkntk.com.br/produtos/linha-ngk/velas-de-ignicao_/?country=br&lang=pt,"Familia de produto, nao SKU individual - codigo de peca NGK (ex: BPR6ES) exige consulta por veiculo no site oficial."
